{"cameraMode":{"drawMode":0,"name":"Shaded","section":"Shading Mode"},"sceneLighting":false,"audioPlay":false,"sceneViewState":{"m_AlwaysRefresh":false,"showFog":true,"showSkybox":false,"showFlares":true,"showImageEffects":true,"showParticleSystems":true,"showVisualEffectGraphs":true,"m_FxEnabled":true},"in2DMode":false,"pivot":{"x":0.11144614219665528,"y":0.4909772276878357,"z":-0.23369431495666505},"rotation":{"x":0.4245622456073761,"y":0.06807173788547516,"z":-0.032051146030426028,"w":0.902280330657959},"size":4.383278846740723,"orthographic":false}