{"cameraMode":{"drawMode":0,"name":"Shaded","section":"Shading Mode"},"sceneLighting":false,"audioPlay":false,"sceneViewState":{"m_AlwaysRefresh":false,"showFog":true,"showSkybox":false,"showFlares":true,"showImageEffects":true,"showParticleSystems":true,"showVisualEffectGraphs":true,"m_FxEnabled":true},"in2DMode":false,"pivot":{"x":-0.8510668873786926,"y":46.95238494873047,"z":-7.277120590209961},"rotation":{"x":-0.05276762321591377,"y":0.02190242148935795,"z":-0.0016549210995435715,"w":-0.9985190033912659},"size":1.5726537704467774,"orthographic":false}