{"cameraMode":{"drawMode":0,"name":"Shaded","section":"Shading Mode"},"sceneLighting":false,"audioPlay":false,"sceneViewState":{"m_AlwaysRefresh":false,"showFog":true,"showSkybox":false,"showFlares":true,"showImageEffects":true,"showParticleSystems":true,"showVisualEffectGraphs":true,"m_FxEnabled":true},"in2DMode":false,"pivot":{"x":471.74853515625,"y":18.630020141601564,"z":262.3346252441406},"rotation":{"x":0.1837695837020874,"y":0.0012530923122540117,"z":-0.00013506109826266766,"w":0.9830217361450195},"size":3.826129674911499,"orthographic":false}